0.png,5
1.png,0
2.png,4
3.png,1
4.png,9
5.png,2
6.png,1
7.png,3
8.png,1
9.png,4
10.png,3
11.png,5
12.png,3
13.png,6
14.png,1
15.png,7
16.png,2
17.png,8
18.png,6
19.png,9
20.png,4
21.png,0
22.png,9
23.png,1
24.png,1
25.png,2
26.png,4
27.png,3
28.png,2
29.png,7
30.png,3
31.png,8
32.png,6
33.png,9
34.png,0
35.png,5
36.png,6
37.png,0
38.png,7
39.png,6
40.png,1
41.png,8
42.png,7
43.png,9
44.png,3
45.png,9
46.png,8
47.png,5
48.png,9
49.png,3
50.png,3
51.png,0
52.png,7
53.png,4
54.png,9
55.png,8
56.png,0
57.png,9
58.png,4
59.png,1
60.png,4
61.png,4
62.png,6
63.png,0
64.png,4
65.png,5
66.png,6
67.png,1
68.png,0
69.png,0
70.png,1
71.png,7
72.png,1
73.png,6
74.png,3
75.png,0
76.png,2
77.png,1
78.png,1
79.png,7
80.png,9
81.png,0
82.png,2
83.png,6
84.png,7
85.png,8
86.png,3
87.png,9
88.png,0
89.png,4
90.png,6
91.png,7
92.png,4
93.png,6
94.png,8
95.png,0
96.png,7
97.png,8
98.png,3
99.png,1
100.png,5
101.png,7
102.png,1
103.png,7
104.png,1
105.png,1
106.png,6
107.png,3
108.png,0
109.png,2
110.png,9
111.png,3
112.png,1
113.png,1
114.png,0
115.png,4
116.png,9
117.png,2
118.png,0
119.png,0
120.png,2
121.png,0
122.png,2
123.png,7
124.png,1
125.png,8
126.png,6
127.png,4
128.png,1
129.png,6
130.png,3
131.png,4
132.png,5
133.png,9
134.png,1
135.png,3
136.png,3
137.png,8
138.png,5
139.png,4
140.png,7
141.png,7
142.png,4
143.png,2
144.png,8
145.png,5
146.png,8
147.png,6
148.png,7
149.png,3
150.png,4
151.png,6
152.png,1
153.png,9
154.png,9
155.png,6
156.png,0
157.png,3
158.png,7
159.png,2
160.png,8
161.png,2
162.png,9
163.png,4
164.png,4
165.png,6
166.png,4
167.png,9
168.png,7
169.png,0
170.png,9
171.png,2
172.png,9
173.png,5
174.png,1
175.png,5
176.png,9
177.png,1
178.png,2
179.png,3
180.png,2
181.png,3
182.png,5
183.png,9
184.png,1
185.png,7
186.png,6
187.png,2
188.png,8
189.png,2
190.png,2
191.png,5
192.png,0
193.png,7
194.png,4
195.png,9
196.png,7
197.png,8
198.png,3
199.png,2
200.png,1
201.png,1
202.png,8
203.png,3
204.png,6
205.png,1
206.png,0
207.png,3
208.png,1
209.png,0
210.png,0
211.png,1
212.png,7
213.png,2
214.png,7
215.png,3
216.png,0
217.png,4
218.png,6
219.png,5
220.png,2
221.png,6
222.png,4
223.png,7
224.png,1
225.png,8
226.png,9
227.png,9
228.png,3
229.png,0
230.png,7
231.png,1
232.png,0
233.png,2
234.png,0
235.png,3
236.png,5
237.png,4
238.png,6
239.png,5
240.png,8
241.png,6
242.png,3
243.png,7
244.png,5
245.png,8
246.png,0
247.png,9
248.png,1
249.png,0
250.png,3
251.png,1
252.png,2
253.png,2
254.png,3
255.png,3
256.png,6
257.png,4
258.png,7
259.png,5
260.png,0
261.png,6
262.png,2
263.png,7
264.png,9
265.png,8
266.png,5
267.png,9
268.png,2
269.png,1
270.png,1
271.png,4
272.png,4
273.png,5
274.png,6
275.png,4
276.png,1
277.png,2
278.png,5
279.png,3
280.png,9
281.png,3
282.png,9
283.png,0
284.png,5
285.png,9
286.png,6
287.png,5
288.png,7
289.png,4
290.png,1
291.png,3
292.png,4
293.png,0
294.png,4
295.png,8
296.png,0
297.png,4
298.png,3
299.png,6
300.png,8
301.png,7
302.png,6
303.png,0
304.png,9
305.png,7
306.png,5
307.png,7
308.png,2
309.png,1
310.png,1
311.png,6
312.png,8
313.png,9
314.png,4
315.png,1
316.png,5
317.png,2
318.png,2
319.png,9
320.png,0
321.png,3
322.png,9
323.png,6
324.png,7
325.png,2
326.png,0
327.png,3
328.png,5
329.png,4
330.png,3
331.png,6
332.png,5
333.png,8
334.png,9
335.png,5
336.png,4
337.png,7
338.png,4
339.png,2
340.png,7
341.png,3
342.png,4
343.png,8
344.png,9
345.png,1
346.png,9
347.png,2
348.png,8
349.png,7
350.png,9
351.png,1
352.png,8
353.png,7
354.png,4
355.png,1
356.png,3
357.png,1
358.png,1
359.png,0
360.png,2
361.png,3
362.png,9
363.png,4
364.png,9
365.png,2
366.png,1
367.png,6
368.png,8
369.png,4
370.png,7
371.png,7
372.png,4
373.png,4
374.png,9
375.png,2
376.png,5
377.png,7
378.png,2
379.png,4
380.png,4
381.png,2
382.png,1
383.png,9
384.png,7
385.png,2
386.png,8
387.png,7
388.png,6
389.png,9
390.png,2
391.png,2
392.png,3
393.png,8
394.png,1
395.png,6
396.png,5
397.png,1
398.png,1
399.png,0
400.png,2
401.png,6
402.png,4
403.png,5
404.png,8
405.png,3
406.png,1
407.png,5
408.png,1
409.png,9
410.png,2
411.png,7
412.png,4
413.png,4
414.png,4
415.png,8
416.png,1
417.png,5
418.png,8
419.png,9
420.png,5
421.png,6
422.png,7
423.png,9
424.png,9
425.png,3
426.png,7
427.png,0
428.png,9
429.png,0
430.png,6
431.png,6
432.png,2
433.png,3
434.png,9
435.png,0
436.png,7
437.png,5
438.png,4
439.png,8
440.png,0
441.png,9
442.png,4
443.png,1
444.png,2
445.png,8
446.png,7
447.png,1
448.png,2
449.png,6
450.png,1
451.png,0
452.png,3
453.png,0
454.png,1
455.png,1
456.png,8
457.png,2
458.png,0
459.png,3
460.png,9
461.png,4
462.png,0
463.png,5
464.png,0
465.png,6
466.png,1
467.png,7
468.png,7
469.png,8
470.png,1
471.png,9
472.png,2
473.png,0
474.png,5
475.png,1
476.png,2
477.png,2
478.png,7
479.png,3
480.png,5
481.png,4
482.png,9
483.png,7
484.png,1
485.png,8
486.png,3
487.png,9
488.png,6
489.png,0
490.png,3
491.png,1
492.png,1
493.png,2
494.png,6
495.png,3
496.png,5
497.png,7
498.png,6
499.png,8
500.png,3
501.png,9
502.png,5
503.png,8
504.png,5
505.png,7
506.png,6
507.png,1
508.png,1
509.png,3
510.png,1
511.png,7
512.png,5
513.png,5
514.png,5
515.png,2
516.png,5
517.png,8
518.png,7
519.png,0
520.png,9
521.png,7
522.png,7
523.png,5
524.png,0
525.png,9
526.png,0
527.png,0
528.png,8
529.png,9
530.png,2
531.png,4
532.png,8
533.png,1
534.png,6
535.png,1
536.png,6
537.png,5
538.png,1
539.png,8
540.png,3
541.png,4
542.png,0
543.png,5
544.png,5
545.png,8
546.png,3
547.png,6
548.png,2
549.png,3
550.png,9
551.png,2
552.png,1
553.png,1
554.png,5
555.png,2
556.png,1
557.png,3
558.png,2
559.png,8
560.png,7
561.png,3
562.png,7
563.png,2
564.png,4
565.png,6
566.png,9
567.png,7
568.png,2
569.png,4
570.png,2
571.png,8
572.png,1
573.png,1
574.png,3
575.png,8
576.png,4
577.png,0
578.png,6
579.png,5
580.png,9
581.png,3
582.png,0
583.png,9
584.png,2
585.png,4
586.png,7
587.png,1
588.png,2
589.png,9
590.png,4
591.png,2
592.png,6
593.png,1
594.png,8
595.png,9
596.png,0
597.png,6
598.png,6
599.png,7
